{"version": 2, "width": 90, "height": 21, "timestamp": 1741775705, "env": {"SHELL": "/usr/bin/zsh", "TERM": "xterm-256color"}}
[0.361674, "o", "\r\n\u001b[1m>>> GORDER v0.7.0 <<<\u001b[0m\r\n\r\n\u001b[1;34m[\u001b[0m\u001b[1;32m*\u001b[0m\u001b[1;34m]\u001b[0m Read config file '\u001b[36manalyze.yaml\u001b[0m'.\r\n\u001b[1;34m[\u001b[0m\u001b[1;32m*\u001b[0m\u001b[1;34m]\u001b[0m Will calculate \u001b[36munited-atom order parameters\u001b[0m.\r\n\u001b[1;34m[\u001b[0m\u001b[1;32m*\u001b[0m\u001b[1;34m]\u001b[0m Membrane normal expected to be oriented along the \u001b[36mz\u001b[0m axis.\r\n"]
[0.39008, "o", "\u001b[1;34m[\u001b[0m\u001b[1;32m*\u001b[0m\u001b[1;34m]\u001b[0m Read molecular structure and topology from '\u001b[36msystem.tpr\u001b[0m'.\r\n"]
[0.441157, "o", "\u001b[1;34m[\u001b[0m\u001b[1;32m*\u001b[0m\u001b[1;34m]\u001b[0m Detected \u001b[36m9728\u001b[0m saturated carbons using a query '\u001b[36m@membrane and element name carbon and not name C15 C34 C24 C25\u001b[0m'.\r\n"]
[0.446208, "o", "\u001b[1;34m[\u001b[0m\u001b[1;32m*\u001b[0m\u001b[1;34m]\u001b[0m Detected \u001b[36m512\u001b[0m unsaturated carbons using a query '\u001b[36m@membrane and name C24 C25\u001b[0m'.\r\n"]
[0.532431, "o", "\u001b[1;34m[\u001b[0m\u001b[1;32m*\u001b[0m\u001b[1;34m]\u001b[0m Detected \u001b[36m1\u001b[0m relevant molecule type(s):\r\n\u001b[1;37m | \u001b[0m   Molecule type \u001b[36mPOPC\u001b[0m: \u001b[36m40\u001b[0m order atoms, \u001b[36m256\u001b[0m molecules.\r\n\u001b[1;34m[\u001b[0m\u001b[1;32m*\u001b[0m\u001b[1;34m]\u001b[0m Will read trajectory file '\u001b[36mmd.xtc\u001b[0m' (start: \u001b[36m0\u001b[0m ps, end: \u001b[36minf\u001b[0m ps, step: \u001b[36m1\u001b[0m).\r\n\u001b[1;34m[\u001b[0m\u001b[1;32m*\u001b[0m\u001b[1;34m]\u001b[0m Performing the analysis using \u001b[36m1\u001b[0m thread(s)...\r\n"]
[0.538314, "o", "[\u001b[95m JUMPING \u001b[0m]   Jumping to the start of the iteration...\r"]
[0.538803, "o", "[\u001b[33m RUNNING \u001b[0m]   \u001b[36mStep\u001b[0m            0 | \u001b[95mTime\u001b[0m            0 ps\r"]
[0.826946, "o", "[\u001b[33m RUNNING \u001b[0m]   \u001b[36mStep\u001b[0m      5000000 | \u001b[95mTime\u001b[0m        10000 ps\r"]
[1.115697, "o", "[\u001b[33m RUNNING \u001b[0m]   \u001b[36mStep\u001b[0m     10000000 | \u001b[95mTime\u001b[0m        20000 ps\r"]
[1.402625, "o", "[\u001b[33m RUNNING \u001b[0m]   \u001b[36mStep\u001b[0m     15000000 | \u001b[95mTime\u001b[0m        30000 ps\r"]
[1.688762, "o", "[\u001b[33m RUNNING \u001b[0m]   \u001b[36mStep\u001b[0m     20000000 | \u001b[95mTime\u001b[0m        40000 ps\r"]
[1.974819, "o", "[\u001b[33m RUNNING \u001b[0m]   \u001b[36mStep\u001b[0m     25000000 | \u001b[95mTime\u001b[0m        50000 ps\r"]
[2.261209, "o", "[\u001b[33m RUNNING \u001b[0m]   \u001b[36mStep\u001b[0m     30000000 | \u001b[95mTime\u001b[0m        60000 ps\r"]
[2.547549, "o", "[\u001b[33m RUNNING \u001b[0m]   \u001b[36mStep\u001b[0m     35000000 | \u001b[95mTime\u001b[0m        70000 ps\r"]
[2.834233, "o", "[\u001b[33m RUNNING \u001b[0m]   \u001b[36mStep\u001b[0m     40000000 | \u001b[95mTime\u001b[0m        80000 ps\r"]
[3.120646, "o", "[\u001b[33m RUNNING \u001b[0m]   \u001b[36mStep\u001b[0m     45000000 | \u001b[95mTime\u001b[0m        90000 ps\r"]
[3.407545, "o", "[\u001b[33m RUNNING \u001b[0m]   \u001b[36mStep\u001b[0m     50000000 | \u001b[95mTime\u001b[0m       100000 ps\r"]
[3.69366, "o", "[\u001b[33m RUNNING \u001b[0m]   \u001b[36mStep\u001b[0m     55000000 | \u001b[95mTime\u001b[0m       110000 ps\r"]
[3.980044, "o", "[\u001b[33m RUNNING \u001b[0m]   \u001b[36mStep\u001b[0m     60000000 | \u001b[95mTime\u001b[0m       120000 ps\r"]
[4.266557, "o", "[\u001b[33m RUNNING \u001b[0m]   \u001b[36mStep\u001b[0m     65000000 | \u001b[95mTime\u001b[0m       130000 ps\r"]
[4.553988, "o", "[\u001b[33m RUNNING \u001b[0m]   \u001b[36mStep\u001b[0m     70000000 | \u001b[95mTime\u001b[0m       140000 ps\r"]
[4.840924, "o", "[\u001b[33m RUNNING \u001b[0m]   \u001b[36mStep\u001b[0m     75000000 | \u001b[95mTime\u001b[0m       150000 ps\r"]
[5.128169, "o", "[\u001b[33m RUNNING \u001b[0m]   \u001b[36mStep\u001b[0m     80000000 | \u001b[95mTime\u001b[0m       160000 ps\r"]
[5.414689, "o", "[\u001b[33m RUNNING \u001b[0m]   \u001b[36mStep\u001b[0m     85000000 | \u001b[95mTime\u001b[0m       170000 ps\r"]
[5.701244, "o", "[\u001b[33m RUNNING \u001b[0m]   \u001b[36mStep\u001b[0m     90000000 | \u001b[95mTime\u001b[0m       180000 ps\r"]
[5.987938, "o", "[\u001b[33m RUNNING \u001b[0m]   \u001b[36mStep\u001b[0m     95000000 | \u001b[95mTime\u001b[0m       190000 ps\r"]
[6.275399, "o", "[\u001b[33m RUNNING \u001b[0m]   \u001b[36mStep\u001b[0m    100000000 | \u001b[95mTime\u001b[0m       200000 ps\r"]
[6.562364, "o", "[\u001b[33m RUNNING \u001b[0m]   \u001b[36mStep\u001b[0m    105000000 | \u001b[95mTime\u001b[0m       210000 ps\r"]
[6.849049, "o", "[\u001b[33m RUNNING \u001b[0m]   \u001b[36mStep\u001b[0m    110000000 | \u001b[95mTime\u001b[0m       220000 ps\r"]
[7.136294, "o", "[\u001b[33m RUNNING \u001b[0m]   \u001b[36mStep\u001b[0m    115000000 | \u001b[95mTime\u001b[0m       230000 ps\r"]
[7.423059, "o", "[\u001b[33m RUNNING \u001b[0m]   \u001b[36mStep\u001b[0m    120000000 | \u001b[95mTime\u001b[0m       240000 ps\r"]
[7.710206, "o", "[\u001b[33m RUNNING \u001b[0m]   \u001b[36mStep\u001b[0m    125000000 | \u001b[95mTime\u001b[0m       250000 ps\r"]
[7.997803, "o", "[\u001b[33m RUNNING \u001b[0m]   \u001b[36mStep\u001b[0m    130000000 | \u001b[95mTime\u001b[0m       260000 ps\r"]
[8.285178, "o", "[\u001b[33m RUNNING \u001b[0m]   \u001b[36mStep\u001b[0m    135000000 | \u001b[95mTime\u001b[0m       270000 ps\r"]
[8.571622, "o", "[\u001b[33m RUNNING \u001b[0m]   \u001b[36mStep\u001b[0m    140000000 | \u001b[95mTime\u001b[0m       280000 ps\r"]
[8.858388, "o", "[\u001b[33m RUNNING \u001b[0m]   \u001b[36mStep\u001b[0m    145000000 | \u001b[95mTime\u001b[0m       290000 ps\r"]
[9.144782, "o", "[\u001b[33m RUNNING \u001b[0m]   \u001b[36mStep\u001b[0m    150000000 | \u001b[95mTime\u001b[0m       300000 ps\r"]
[9.147488, "o", "[\u001b[32mCOMPLETED\u001b[0m]   \u001b[36mStep\u001b[0m    150000000 | \u001b[95mTime\u001b[0m       300000 ps\r"]
[9.149745, "o", "[\u001b[32mCOMPLETED\u001b[0m]   \u001b[36mStep\u001b[0m    150000000 | \u001b[95mTime\u001b[0m       300000 ps\r\r\n"]
[9.150571, "o", "\u001b[1;34m[\u001b[0m\u001b[1;32m*\u001b[0m\u001b[1;34m]\u001b[0m Trajectory reading completed. Analyzed \u001b[36m3001\u001b[0m trajectory frames.\r\n"]
[9.154251, "o", "\u001b[1;34m[\u001b[0m\u001b[1;32m*\u001b[0m\u001b[1;34m]\u001b[0m Written order parameters into \u001b[36myaml\u001b[0m file '\u001b[36morder.yaml\u001b[0m'.\r\n\u001b[1;34m[\u001b[0m\u001b[1;92m✔\u001b[0m\u001b[1;34m]\u001b[0m \u001b[1;92mANALYSIS COMPLETED\u001b[0m\r\n\r\n"]