{"version": 2, "width": 90, "height": 22, "timestamp": 1739642356, "env": {"SHELL": "/usr/bin/zsh", "TERM": "xterm-256color"}}
[0.133244, "o", "\r\n\u001b[1m>>> GORDER v0.5.0 <<<\u001b[0m\r\n\r\n\u001b[1;34m[\u001b[0m\u001b[1;32m*\u001b[0m\u001b[1;34m]\u001b[0m Read config file '\u001b[36manalyze.yaml\u001b[0m'.\r\n\u001b[1;34m[\u001b[0m\u001b[1;32m*\u001b[0m\u001b[1;34m]\u001b[0m Will calculate \u001b[36mall-atom order parameters\u001b[0m.\r\n\u001b[1;34m[\u001b[0m\u001b[1;32m*\u001b[0m\u001b[1;34m]\u001b[0m Membrane normal expected to be oriented along the \u001b[36mz\u001b[0m axis.\r\n"]
[0.162928, "o", "\u001b[1;34m[\u001b[0m\u001b[1;32m*\u001b[0m\u001b[1;34m]\u001b[0m Read molecular structure and topology from '\u001b[36msystem.tpr\u001b[0m'.\r\n"]
[0.171382, "o", "\u001b[1;34m[\u001b[0m\u001b[1;32m*\u001b[0m\u001b[1;34m]\u001b[0m Detected \u001b[36m6800\u001b[0m heavy atoms using a query '\u001b[36m@membrane and name r'C3.+|C2.+'\u001b[0m'.\r\n"]
[0.177989, "o", "\u001b[1;34m[\u001b[0m\u001b[1;32m*\u001b[0m\u001b[1;34m]\u001b[0m Detected \u001b[36m15800\u001b[0m hydrogen atoms using a query '\u001b[36m@membrane and element name hydrogen\u001b[0m'.\r\n"]
[0.321292, "o", "\u001b[1;34m[\u001b[0m\u001b[1;32m*\u001b[0m\u001b[1;34m]\u001b[0m Detected \u001b[36m3\u001b[0m relevant molecule type(s):\r\n\u001b[1;37m | \u001b[0m   Molecule type \u001b[36mPOPE\u001b[0m: \u001b[36m64\u001b[0m order bonds, \u001b[36m90\u001b[0m molecules.\r\n\u001b[1;37m | \u001b[0m   Molecule type \u001b[36mPOPC\u001b[0m: \u001b[36m64\u001b[0m order bonds, \u001b[36m100\u001b[0m molecules.\r\n\u001b[1;37m | \u001b[0m   Molecule type \u001b[36mPOPG\u001b[0m: \u001b[36m64\u001b[0m order bonds, \u001b[36m10\u001b[0m molecules.\r\n\u001b[1;34m[\u001b[0m\u001b[1;32m*\u001b[0m\u001b[1;34m]\u001b[0m Will read trajectory file '\u001b[36mmd.xtc\u001b[0m' (start: \u001b[36m0\u001b[0m ps, end: \u001b[36minf\u001b[0m ps, step: \u001b[36m1\u001b[0m).\r\n\u001b[1;34m[\u001b[0m\u001b[1;32m*\u001b[0m\u001b[1;34m]\u001b[0m Performing the analysis using \u001b[36m1\u001b[0m thread(s)...\r\n"]
[0.33008, "o", "[\u001b[95m JUMPING \u001b[0m]   Jumping to the start of the iteration...\r"]
[0.330799, "o", "[\u001b[33m RUNNING \u001b[0m]   \u001b[36mStep\u001b[0m            0 | \u001b[95mTime\u001b[0m            0 ps\r"]
[0.456654, "o", "[\u001b[33m RUNNING \u001b[0m]   \u001b[36mStep\u001b[0m      5000000 | \u001b[95mTime\u001b[0m        10000 ps\r"]
[0.580391, "o", "[\u001b[33m RUNNING \u001b[0m]   \u001b[36mStep\u001b[0m     10000000 | \u001b[95mTime\u001b[0m        20000 ps\r"]
[0.704075, "o", "[\u001b[33m RUNNING \u001b[0m]   \u001b[36mStep\u001b[0m     15000000 | \u001b[95mTime\u001b[0m        30000 ps\r"]
[0.827692, "o", "[\u001b[33m RUNNING \u001b[0m]   \u001b[36mStep\u001b[0m     20000000 | \u001b[95mTime\u001b[0m        40000 ps\r"]
[0.951131, "o", "[\u001b[33m RUNNING \u001b[0m]   \u001b[36mStep\u001b[0m     25000000 | \u001b[95mTime\u001b[0m        50000 ps\r"]
[1.074397, "o", "[\u001b[33m RUNNING \u001b[0m]   \u001b[36mStep\u001b[0m     30000000 | \u001b[95mTime\u001b[0m        60000 ps\r"]
[1.198195, "o", "[\u001b[33m RUNNING \u001b[0m]   \u001b[36mStep\u001b[0m     35000000 | \u001b[95mTime\u001b[0m        70000 ps\r"]
[1.322358, "o", "[\u001b[33m RUNNING \u001b[0m]   \u001b[36mStep\u001b[0m     40000000 | \u001b[95mTime\u001b[0m        80000 ps\r"]
[1.446782, "o", "[\u001b[33m RUNNING \u001b[0m]   \u001b[36mStep\u001b[0m     45000000 | \u001b[95mTime\u001b[0m        90000 ps\r"]
[1.571468, "o", "[\u001b[33m RUNNING \u001b[0m]   \u001b[36mStep\u001b[0m     50000000 | \u001b[95mTime\u001b[0m       100000 ps\r"]
[1.695217, "o", "[\u001b[33m RUNNING \u001b[0m]   \u001b[36mStep\u001b[0m     55000000 | \u001b[95mTime\u001b[0m       110000 ps\r"]
[1.818603, "o", "[\u001b[33m RUNNING \u001b[0m]   \u001b[36mStep\u001b[0m     60000000 | \u001b[95mTime\u001b[0m       120000 ps\r"]
[1.944801, "o", "[\u001b[33m RUNNING \u001b[0m]   \u001b[36mStep\u001b[0m     65000000 | \u001b[95mTime\u001b[0m       130000 ps\r"]
[2.068973, "o", "[\u001b[33m RUNNING \u001b[0m]   \u001b[36mStep\u001b[0m     70000000 | \u001b[95mTime\u001b[0m       140000 ps\r"]
[2.19267, "o", "[\u001b[33m RUNNING \u001b[0m]   \u001b[36mStep\u001b[0m     75000000 | \u001b[95mTime\u001b[0m       150000 ps\r"]
[2.316077, "o", "[\u001b[33m RUNNING \u001b[0m]   \u001b[36mStep\u001b[0m     80000000 | \u001b[95mTime\u001b[0m       160000 ps\r"]
[2.440443, "o", "[\u001b[33m RUNNING \u001b[0m]   \u001b[36mStep\u001b[0m     85000000 | \u001b[95mTime\u001b[0m       170000 ps\r"]
[2.564021, "o", "[\u001b[33m RUNNING \u001b[0m]   \u001b[36mStep\u001b[0m     90000000 | \u001b[95mTime\u001b[0m       180000 ps\r"]
[2.688511, "o", "[\u001b[33m RUNNING \u001b[0m]   \u001b[36mStep\u001b[0m     95000000 | \u001b[95mTime\u001b[0m       190000 ps\r"]
[2.812205, "o", "[\u001b[33m RUNNING \u001b[0m]   \u001b[36mStep\u001b[0m    100000000 | \u001b[95mTime\u001b[0m       200000 ps\r"]
[2.935552, "o", "[\u001b[33m RUNNING \u001b[0m]   \u001b[36mStep\u001b[0m    105000000 | \u001b[95mTime\u001b[0m       210000 ps\r"]
[3.059819, "o", "[\u001b[33m RUNNING \u001b[0m]   \u001b[36mStep\u001b[0m    110000000 | \u001b[95mTime\u001b[0m       220000 ps\r"]
[3.184789, "o", "[\u001b[33m RUNNING \u001b[0m]   \u001b[36mStep\u001b[0m    115000000 | \u001b[95mTime\u001b[0m       230000 ps\r"]
[3.30813, "o", "[\u001b[33m RUNNING \u001b[0m]   \u001b[36mStep\u001b[0m    120000000 | \u001b[95mTime\u001b[0m       240000 ps\r"]
[3.432328, "o", "[\u001b[33m RUNNING \u001b[0m]   \u001b[36mStep\u001b[0m    125000000 | \u001b[95mTime\u001b[0m       250000 ps\r"]
[3.556462, "o", "[\u001b[33m RUNNING \u001b[0m]   \u001b[36mStep\u001b[0m    130000000 | \u001b[95mTime\u001b[0m       260000 ps\r"]
[3.680405, "o", "[\u001b[33m RUNNING \u001b[0m]   \u001b[36mStep\u001b[0m    135000000 | \u001b[95mTime\u001b[0m       270000 ps\r"]
[3.805568, "o", "[\u001b[33m RUNNING \u001b[0m]   \u001b[36mStep\u001b[0m    140000000 | \u001b[95mTime\u001b[0m       280000 ps\r"]
[3.929485, "o", "[\u001b[33m RUNNING \u001b[0m]   \u001b[36mStep\u001b[0m    145000000 | \u001b[95mTime\u001b[0m       290000 ps\r"]
[4.053181, "o", "[\u001b[33m RUNNING \u001b[0m]   \u001b[36mStep\u001b[0m    150000000 | \u001b[95mTime\u001b[0m       300000 ps\r"]
[4.054166, "o", "[\u001b[32mCOMPLETED\u001b[0m]   \u001b[36mStep\u001b[0m    150000000 | \u001b[95mTime\u001b[0m       300000 ps\r"]
[4.058, "o", "[\u001b[32mCOMPLETED\u001b[0m]   \u001b[36mStep\u001b[0m    150000000 | \u001b[95mTime\u001b[0m       300000 ps\r\r\n"]
[4.058174, "o", "\u001b[1;34m[\u001b[0m\u001b[1;32m*\u001b[0m\u001b[1;34m]\u001b[0m Trajectory reading completed. Analyzed \u001b[36m3001\u001b[0m trajectory frames.\r\n"]
[4.063646, "o", "\u001b[1;34m[\u001b[0m\u001b[1;32m*\u001b[0m\u001b[1;34m]\u001b[0m Written order parameters into \u001b[36myaml\u001b[0m file '\u001b[36morder.yaml\u001b[0m'.\r\n\u001b[1;34m[\u001b[0m\u001b[1;92m✔\u001b[0m\u001b[1;34m]\u001b[0m \u001b[1;92mANALYSIS COMPLETED\u001b[0m\r\n\r\n"]
