{"version": 2, "width": 90, "height": 21, "timestamp": 1739643687, "env": {"SHELL": "/usr/bin/zsh", "TERM": "xterm-256color"}}
[0.080463, "o", "\r\n\u001b[1m>>> GORDER v1.1.0 <<<\u001b[0m\r\n\r\n\u001b[1;34m[\u001b[0m\u001b[1;32m*\u001b[0m\u001b[1;34m]\u001b[0m Read config file '\u001b[36manalyze.yaml\u001b[0m'.\r\n\u001b[1;34m[\u001b[0m\u001b[1;32m*\u001b[0m\u001b[1;34m]\u001b[0m Will calculate \u001b[36mcoarse-grained order parameters\u001b[0m.\r\n\u001b[1;34m[\u001b[0m\u001b[1;32m*\u001b[0m\u001b[1;34m]\u001b[0m Membrane normal expected to be oriented along the \u001b[36mz\u001b[0m axis.\r\n"]
[0.099488, "o", "\u001b[1;34m[\u001b[0m\u001b[1;32m*\u001b[0m\u001b[1;34m]\u001b[0m Read molecular structure and topology from '\u001b[36msystem.tpr\u001b[0m'.\r\n"]
[0.102775, "o", "\u001b[1;34m[\u001b[0m\u001b[1;32m*\u001b[0m\u001b[1;34m]\u001b[0m Detected \u001b[36m6096\u001b[0m beads for order calculation using a query '\u001b[36m@membrane\u001b[0m'.\r\n"]
[0.105927, "o", "\u001b[1;34m[\u001b[0m\u001b[1;32m*\u001b[0m\u001b[1;34m]\u001b[0m Detected \u001b[36m3\u001b[0m relevant molecule type(s):\r\n\u001b[1;37m | \u001b[0m   Molecule type \u001b[36mPOPC\u001b[0m: \u001b[36m11\u001b[0m order bonds, \u001b[36m242\u001b[0m molecules.\r\n\u001b[1;37m | \u001b[0m   Molecule type \u001b[36mPOPE\u001b[0m: \u001b[36m11\u001b[0m order bonds, \u001b[36m242\u001b[0m molecules.\r\n\u001b[1;37m | \u001b[0m   Molecule type \u001b[36mPOPG\u001b[0m: \u001b[36m11\u001b[0m order bonds, \u001b[36m24\u001b[0m molecules.\r\n"]
[0.105961, "o", "\u001b[1;34m[\u001b[0m\u001b[1;32m*\u001b[0m\u001b[1;34m]\u001b[0m Will read trajectory file '\u001b[36mmd.xtc\u001b[0m' (start: \u001b[36m0\u001b[0m ps, end: \u001b[36minf\u001b[0m ps, step: \u001b[36m1\u001b[0m).\r\n\u001b[1;34m[\u001b[0m\u001b[1;32m*\u001b[0m\u001b[1;34m]\u001b[0m Performing the analysis using \u001b[36m1\u001b[0m thread(s)...\r\n"]
[0.107566, "o", "[\u001b[95m JUMPING \u001b[0m]   Jumping to the start of the iteration...\r"]
[0.107739, "o", "[\u001b[33m RUNNING \u001b[0m]   \u001b[36mStep\u001b[0m            0 | \u001b[95mTime\u001b[0m            0 ps\r"]
[0.156717, "o", "[\u001b[33m RUNNING \u001b[0m]   \u001b[36mStep\u001b[0m       500000 | \u001b[95mTime\u001b[0m        10000 ps\r"]
[0.203096, "o", "[\u001b[33m RUNNING \u001b[0m]   \u001b[36mStep\u001b[0m      1000000 | \u001b[95mTime\u001b[0m        20000 ps\r"]
[0.249749, "o", "[\u001b[33m RUNNING \u001b[0m]   \u001b[36mStep\u001b[0m      1500000 | \u001b[95mTime\u001b[0m        30000 ps\r"]
[0.29644, "o", "[\u001b[33m RUNNING \u001b[0m]   \u001b[36mStep\u001b[0m      2000000 | \u001b[95mTime\u001b[0m        40000 ps\r"]
[0.343294, "o", "[\u001b[33m RUNNING \u001b[0m]   \u001b[36mStep\u001b[0m      2500000 | \u001b[95mTime\u001b[0m        50000 ps\r"]
[0.389981, "o", "[\u001b[33m RUNNING \u001b[0m]   \u001b[36mStep\u001b[0m      3000000 | \u001b[95mTime\u001b[0m        60000 ps\r"]
[0.436462, "o", "[\u001b[33m RUNNING \u001b[0m]   \u001b[36mStep\u001b[0m      3500000 | \u001b[95mTime\u001b[0m        70000 ps\r"]
[0.482887, "o", "[\u001b[33m RUNNING \u001b[0m]   \u001b[36mStep\u001b[0m      4000000 | \u001b[95mTime\u001b[0m        80000 ps\r"]
[0.529078, "o", "[\u001b[33m RUNNING \u001b[0m]   \u001b[36mStep\u001b[0m      4500000 | \u001b[95mTime\u001b[0m        90000 ps\r"]
[0.575897, "o", "[\u001b[33m RUNNING \u001b[0m]   \u001b[36mStep\u001b[0m      5000000 | \u001b[95mTime\u001b[0m       100000 ps\r"]
[0.622766, "o", "[\u001b[33m RUNNING \u001b[0m]   \u001b[36mStep\u001b[0m      5500000 | \u001b[95mTime\u001b[0m       110000 ps\r"]
[0.669341, "o", "[\u001b[33m RUNNING \u001b[0m]   \u001b[36mStep\u001b[0m      6000000 | \u001b[95mTime\u001b[0m       120000 ps\r"]
[0.716167, "o", "[\u001b[33m RUNNING \u001b[0m]   \u001b[36mStep\u001b[0m      6500000 | \u001b[95mTime\u001b[0m       130000 ps\r"]
[0.762982, "o", "[\u001b[33m RUNNING \u001b[0m]   \u001b[36mStep\u001b[0m      7000000 | \u001b[95mTime\u001b[0m       140000 ps\r"]
[0.809393, "o", "[\u001b[33m RUNNING \u001b[0m]   \u001b[36mStep\u001b[0m      7500000 | \u001b[95mTime\u001b[0m       150000 ps\r"]
[0.85587, "o", "[\u001b[33m RUNNING \u001b[0m]   \u001b[36mStep\u001b[0m      8000000 | \u001b[95mTime\u001b[0m       160000 ps\r"]
[0.902815, "o", "[\u001b[33m RUNNING \u001b[0m]   \u001b[36mStep\u001b[0m      8500000 | \u001b[95mTime\u001b[0m       170000 ps\r"]
[0.949414, "o", "[\u001b[33m RUNNING \u001b[0m]   \u001b[36mStep\u001b[0m      9000000 | \u001b[95mTime\u001b[0m       180000 ps\r"]
[0.996073, "o", "[\u001b[33m RUNNING \u001b[0m]   \u001b[36mStep\u001b[0m      9500000 | \u001b[95mTime\u001b[0m       190000 ps\r"]
[1.042437, "o", "[\u001b[33m RUNNING \u001b[0m]   \u001b[36mStep\u001b[0m     10000000 | \u001b[95mTime\u001b[0m       200000 ps\r"]
[1.089091, "o", "[\u001b[33m RUNNING \u001b[0m]   \u001b[36mStep\u001b[0m     10500000 | \u001b[95mTime\u001b[0m       210000 ps\r"]
[1.135545, "o", "[\u001b[33m RUNNING \u001b[0m]   \u001b[36mStep\u001b[0m     11000000 | \u001b[95mTime\u001b[0m       220000 ps\r"]
[1.181975, "o", "[\u001b[33m RUNNING \u001b[0m]   \u001b[36mStep\u001b[0m     11500000 | \u001b[95mTime\u001b[0m       230000 ps\r"]
[1.228391, "o", "[\u001b[33m RUNNING \u001b[0m]   \u001b[36mStep\u001b[0m     12000000 | \u001b[95mTime\u001b[0m       240000 ps\r"]
[1.274987, "o", "[\u001b[33m RUNNING \u001b[0m]   \u001b[36mStep\u001b[0m     12500000 | \u001b[95mTime\u001b[0m       250000 ps\r"]
[1.322008, "o", "[\u001b[33m RUNNING \u001b[0m]   \u001b[36mStep\u001b[0m     13000000 | \u001b[95mTime\u001b[0m       260000 ps\r"]
[1.368742, "o", "[\u001b[33m RUNNING \u001b[0m]   \u001b[36mStep\u001b[0m     13500000 | \u001b[95mTime\u001b[0m       270000 ps\r"]
[1.415014, "o", "[\u001b[33m RUNNING \u001b[0m]   \u001b[36mStep\u001b[0m     14000000 | \u001b[95mTime\u001b[0m       280000 ps\r"]
[1.461479, "o", "[\u001b[33m RUNNING \u001b[0m]   \u001b[36mStep\u001b[0m     14500000 | \u001b[95mTime\u001b[0m       290000 ps\r"]
[1.508054, "o", "[\u001b[33m RUNNING \u001b[0m]   \u001b[36mStep\u001b[0m     15000000 | \u001b[95mTime\u001b[0m       300000 ps\r"]
[1.554669, "o", "[\u001b[33m RUNNING \u001b[0m]   \u001b[36mStep\u001b[0m     15500000 | \u001b[95mTime\u001b[0m       310000 ps\r"]
[1.601192, "o", "[\u001b[33m RUNNING \u001b[0m]   \u001b[36mStep\u001b[0m     16000000 | \u001b[95mTime\u001b[0m       320000 ps\r"]
[1.647216, "o", "[\u001b[33m RUNNING \u001b[0m]   \u001b[36mStep\u001b[0m     16500000 | \u001b[95mTime\u001b[0m       330000 ps\r"]
[1.69373, "o", "[\u001b[33m RUNNING \u001b[0m]   \u001b[36mStep\u001b[0m     17000000 | \u001b[95mTime\u001b[0m       340000 ps\r"]
[1.740192, "o", "[\u001b[33m RUNNING \u001b[0m]   \u001b[36mStep\u001b[0m     17500000 | \u001b[95mTime\u001b[0m       350000 ps\r"]
[1.787067, "o", "[\u001b[33m RUNNING \u001b[0m]   \u001b[36mStep\u001b[0m     18000000 | \u001b[95mTime\u001b[0m       360000 ps\r"]
[1.833265, "o", "[\u001b[33m RUNNING \u001b[0m]   \u001b[36mStep\u001b[0m     18500000 | \u001b[95mTime\u001b[0m       370000 ps\r"]
[1.880019, "o", "[\u001b[33m RUNNING \u001b[0m]   \u001b[36mStep\u001b[0m     19000000 | \u001b[95mTime\u001b[0m       380000 ps\r"]
[1.926933, "o", "[\u001b[33m RUNNING \u001b[0m]   \u001b[36mStep\u001b[0m     19500000 | \u001b[95mTime\u001b[0m       390000 ps\r"]
[1.973625, "o", "[\u001b[33m RUNNING \u001b[0m]   \u001b[36mStep\u001b[0m     20000000 | \u001b[95mTime\u001b[0m       400000 ps\r"]
[2.020265, "o", "[\u001b[33m RUNNING \u001b[0m]   \u001b[36mStep\u001b[0m     20500000 | \u001b[95mTime\u001b[0m       410000 ps\r"]
[2.067104, "o", "[\u001b[33m RUNNING \u001b[0m]   \u001b[36mStep\u001b[0m     21000000 | \u001b[95mTime\u001b[0m       420000 ps\r"]
[2.113422, "o", "[\u001b[33m RUNNING \u001b[0m]   \u001b[36mStep\u001b[0m     21500000 | \u001b[95mTime\u001b[0m       430000 ps\r"]
[2.159755, "o", "[\u001b[33m RUNNING \u001b[0m]   \u001b[36mStep\u001b[0m     22000000 | \u001b[95mTime\u001b[0m       440000 ps\r"]
